epoch,train_loss,val_loss
0,1.245215967297554,0.3799819052219391
1,0.4948542139359883,0.26009298861026764
2,0.2787558063864708,0.09141142134155546
3,0.24630139954388142,0.22288444638252258
4,0.22808044696492807,0.2779806809765952
5,0.23059359911297048,0.10264322055237633
6,0.14489496765392168,0.06641286026154246
7,0.12049676344863006,0.06781683010714394
8,0.115666463971138,0.05849859012024743
9,0.10249528993985482,0.05577257914202554
